[Required] date,[Required] facility_name,[Required] process_type,[Required] fuel,[Required] quantity,[Required] unit,[Required] factor_type,[Optional] activity,[Optional] region,[Optional] division,[Optional] field,[Optional] group,[Optional] equipment,[Optional] equipment_name
Date as YYYY-MM (e.g. 2024-03). Required.,Exact facility/region name from Manage Data → Regions. Required.,combustion | flaring | venting | blowdown | pneumatic | tank_flashing | tank_working | tank_breathing | drilling | completions | unloading | agr | dehydrator | fugitive | mobile | indirect_steam | stoichiometry | separation,"Fuel or activity type exactly as in API factors catalog (e.g. Natural Gas, Diesel, Associated Gas). Required for Tier 1.","Numeric activity quantity (volume, mass, count, etc.). Required.",Unit of quantity: m3 | scf | mscf | mmscf | bbl | gal | l | kg | tonne | lb | kWh. Required.,default = API standard factors (Tier 1) | custom = user-saved factor | specific = engineering/Tier 3 calculation,Activity label (e.g. Exploration & Production). Defaults to facility activity if blank.,Region label. Defaults to facility region if blank.,Division label. Defaults to facility division if blank.,Field/sub-unit name. Defaults to facility field if blank.,Emission source group (e.g. Compressor Station A). For reporting grouping only.,Equipment tag/ID (e.g. EQ-001). Used for duplicate detection.,Human-readable equipment name (e.g. Caterpillar G3516).
2024-01,Hassi Messaoud Gas Plant,combustion,Natural Gas,50000,scf,default,Upstream & Midstream Gas,Ouargla,Production,Hassi Messaoud,Compressor Station A,EQ-001,CAT G3516 Generator
2024-01,Hassi Messaoud Gas Plant,combustion,Natural Gas,50000,scf,specific,Upstream & Midstream Gas,Ouargla,Production,Hassi Messaoud,Compressor Station B,EQ-002,-
2024-01,Hassi Messaoud Gas Plant,combustion,Diesel (No. 2 Fuel Oil),1200,gal,default,Upstream & Midstream Gas,Ouargla,Production,Hassi Messaoud,Diesel Generators,EQ-003,-
2024-01,Hassi R'Mel Hub,flaring,Associated Gas,120000,scf,specific,-,-,-,-,HP Flare Stack,EQ-010,-
2024-01,Hassi R'Mel Hub,flaring,Associated Gas,80000,scf,default,-,-,-,-,LP Flare,EQ-011,-
2024-01,Hassi Messaoud Gas Plant,drilling,Drilling Operations,500,m3,specific,-,-,-,-,Well HMD-47,EQ-020,-
2024-01,Hassi Messaoud Gas Plant,completions,Associated Gas,25000,scf,specific,-,-,-,-,Well HMD-55 Completion,EQ-030,-
2024-01,Hassi Messaoud Gas Plant,completions,Associated Gas,-,scf,specific,-,-,-,-,Well HMD-56 Workover,EQ-031,-
2024-01,Hassi Messaoud Gas Plant,unloading,Natural Gas,12,events,specific,-,-,-,-,Well HMD-22,EQ-040,-
2024-01,Rhourde Nouss Gas Plant,blowdown,Natural Gas (Venting/Blowdown),200,m3,specific,-,-,-,-,Separator S-101,EQ-050,-
2024-01,Rhourde Nouss Gas Plant,tank_flashing,Condensate,5000,bbl,specific,-,-,-,-,Condensate Storage TK-201,EQ-060,-
2024-01,Hassi R'Mel Hub,pneumatic,Natural Gas,25,devices,specific,-,-,-,-,High-Bleed Controllers,EQ-070,-
2024-01,In Salah CCS Plant,agr,Natural Gas,15,mmscf,specific,-,-,-,-,Amine Unit K-301,EQ-080,-
2024-01,Hassi R'Mel Hub,dehydrator,Natural Gas,100,mmscf,specific,-,-,-,-,TEG Dehydrator D-401,EQ-090,-
2024-01,Hassi Messaoud Gas Plant,fugitive,Natural Gas,350,components,specific,-,-,-,-,Wellhead Valve Leaks,EQ-100,-
2024-01,Hassi Messaoud Gas Plant,fugitive,Natural Gas,350,components,default,-,-,-,-,Valve Packings,EQ-101,-
2024-01,Hassi R'Mel Hub,indirect_steam,Natural Gas,500000000,btu,specific,-,-,-,-,Central Boiler House,EQ-110,-
2024-01,Hassi Messaoud Gas Plant,stoichiometry,Natural Gas,45000,kg,specific,-,-,-,-,Process Furnace F-501,EQ-120,-
