BUG-001	Critical	Security	Agent I (Backend/API/Security)	Bulk upload job API lets any logged-in role (user, it_admin) create/overwrite facilities and custom factors, bypassing RBAC and region scoping	- `new/server/routes/emissions.py:2881` `upload_start()` — only `@login_required`, no role check, `scope` taken verbatim from form data. - `new/server/background_processor.py:494-500` dispatches `scope=custom_factors` → 	Authorization is enforced per-route on the dedicated endpoints but the generic job endpoint accepts an arbitrary `scope` and the background processor trusts it. No role / facility-scope checks exist in the facilities/custom-factor row handlers. (Also applies to `scope=sources|production|mitigation` for it_admin — those use the facility map, which is empty for IT roles, so they fail; facilities/custom_factors do not u	In `upload_start`, whitelist `scope` per role: reject IT roles entirely; allow `facilities` / `custom_factors` only for admin/superuser (and apply the same region restriction as `/api/facilities/import`); in `_process_row_facilities` restrict the existing-name lookup to the uploader's allowed facility ids. ---
BUG-002	Medium	UI	Agent K (Frontend/UI)	Reports "2025 Master Report (PDF)" button sends facility_id=[object Object]; facility selection ignored	`new/client/src/pages/Reports.jsx` — `handleMasterReportDownload(targetFacilityId = null)` (≈line 296) wired as `onClick={handleMasterReportDownload}` (≈line 575).	React passes the click event as the first argument. `targetFacilityId || ...` is truthy for the event object, so `selectedId` becomes the SyntheticEvent, which is stringified into the URL; the `reportSelectedRegions`/`regionId` fallbacks are never reached.	`onClick={() => handleMasterReportDownload()}` and/or guard `typeof targetFacilityId === "string" || typeof targetFacilityId === "number"`. ---
BUG-003	High	Emissions	Agent B (Emissions Auditor)	Editing a Scope 1 record's quantity via PUT /api/emissions/<id> does not recalculate emissions (stale `amount` from source_payload wins)	`new/server/routes/emissions.py` `update_emission()` (~L3398-3530): builds `calc_payload = json.loads(record.source_payload)`, then `calc_payload.update(data)`. `new/server/calculations/legacy_engine.py:395` `compute_emi	`recalc_keys` includes `quantity`, so recalculation runs. But the merged payload starts from the stored `source_payload`, which already has the old `amount`. `calc_payload.update({"quantity":2000})` leaves `amount` at 1000, and `compute_emissions` prefers `amount` over `quantity`. The same thing happens the other way round (fuel/fuel_type): a PUT of `fuel_type` leaves the old `fuel` in the payload. `_lookup_api_facto	Canonicalise in `update_emission`: when `quantity` or `amount` is in `data`, set both `calc_payload["amount"]` and `calc_payload["quantity"]` to the new value (same for `fuel`/`fuel_type`) before calling `compute_emissions`. ---
BUG-004	High	Carbon Intensity	Agent E (Carbon-intensity auditor)	Intensity activity/division filter uses record-level columns that are NULL/inconsistent, so numerator and denominator are filtered differently (Upstream intensity blank, E&P intensity 0.0)	- `new/server/routes/dashboard.py` `_query_intensity_stats` L1690-1693 (production: `ProductionData.activity/division`), L1768-1771 (Scope 1: `Emission.activity/division`), L1912-1915 (Scope 2: `Scope2Emission.activity/d	The activity/division filter is applied to four different columns (record-level on production, Scope 1 and Scope 2; facility-level on Scope 3). Record-level labels are optional, often NULL and can differ from the facility's label, so the numerator and the denominator are filtered on different populations.	Filter all numerator and denominator queries by the same facility attribute (join `Facility` and filter `Facility.activity/division`). Alternatively, default record-level activity/division to the facility's value on every write path, including `POST /api/data/production`, and backfill the NULL values. ---
BUG-005	Medium	Methane	Agent D (Methane Auditor)	GWP-20 conversion in intensity-stats / intensity-trend hard-codes AR5 GWP-100 (28 / 265), so GWP-20 CO2e is wrong whenever the active standard is AR4 or AR6	- `new/server/routes/dashboard.py` `_query_intensity_stats` (~line 2030): `delta_gwp = (ed["total_ch4"] * (ch4_gwp20 - 28.0)) + (ed["total_n2o"] * (n2o_gwp20 - 265.0))` - `new/server/routes/dashboard.py` `_query_intensit	The 100-year base in the GWP-20 delta is the literal AR5 value (28 / 265), not `get_active_gwp(horizon="100")`. `recalculate_all_emissions_gwp()` restates stored `co2e_total` with the active standard's GWP-100, so the literal subtraction no longer matches the stored basis.	Use `gwp100 = get_active_gwp(horizon="100")` and compute `delta = ch4*(g20["CH4"]-g100["CH4"]) + n2o*(g20["N2O"]-g100["N2O"])`, or better, compute GWP-20 directly as CO2 + CH4·g20 + N2O·g20. Share one helper across all four call sites. ---
BUG-006	Medium	UI	Agent K (Frontend/UI)	Reports Excel/PDF exports drop the Division, Field, Method and Search filters shown on screen	`new/client/src/pages/Reports.jsx` — `handleExcelExport` (≈line 195) and `handlePDFExport` (≈line 228) build their params from `scope/year/month/regionId/processType` only.	Export param builders were not updated when the Division/Field/Method/Search filters were added to the list query (`fetchEmissions` sends them).	Build one shared params object (the one used by `fetchEmissions`, minus page/per_page) and reuse it for both exports. ---
BUG-007	Medium	Emissions	Agent B (Emissions Auditor)	Manual Scope 1 entry has no plausibility bound or QA flag: 9 test records (1e13 MMBtu gas, 1e15 t coal) make up about 99.99% of the snapshot's Scope 1 total (3.72e12 t Verified, 4.69e12 t Pending)	`new/server/routes/emissions.py` `add_emission()` (POST /api/emissions/, ~L2977-3060). It checks only for finite and non-negative values, and applies no upper bound or anomaly check. Compare `background_processor.py` ~L5	Only `isfinite`/`>=0` checks are applied to quantity. There is no magnitude or statistical plausibility check on the manual create path, and admin-created rows skip review.	Run the same `anomaly_detector.check_scope1` / outlier threshold used in bulk upload on manual create and PUT. Set `qa_flag` and force `Pending` when flagged, even for admin. Also add a hard sanity cap per unit (e.g. co2e per record > 1e8 t rejected). ---
BUG-008	High	Uncertainty	Agent G (Uncertainty Auditor)	Inventory uncertainty shrinks by √N when the same emissions are split into N records (shared EF uncertainty treated as independent)	`new/server/routes/dashboard.py` `_query_uncertainty()` (~L2370-2615): Scope 1/2/3 queries group by (process, fuel, method, stored uncertainty) and compute `u_eff = u * sqrt(Σe²)/Σe`, then `srss_inventory()` sums every r	Every record (or group of records) is treated as an independent source. That holds for random activity-data metering error, but not for the emission-factor component, which is common to every record using the same factor. The EF and AD components are never separated. Only a single combined per-record 1σ is stored, so the dashboard cannot correlate them.	Aggregate emissions per source category / emission factor first. Apply the EF uncertainty to the category total, fully correlated. Combine only the independent activity-data components in quadrature within a category. Then combine categories with IPCC Eq. 3.2. This requires persisting the EF and AD components separately, or recomputing them from tier/factor at query time. ---
BUG-009	Medium	Database	Agent J (Database)	Deleting a facility that has any OGMP level-upgrade log fails with 500 (FK violation) and leaks raw SQL	- `new/server/models.py` `LevelUpgradeLog` (line ~567): `facility_id` FK `nullable=False`, `facility = db.relationship("Facility")` with no backref/cascade; `Facility` (line ~41) declares cascades for emissions, producti	`LevelUpgradeLog` is the only facility child table without a delete cascade (or `ondelete`), and its `facility_id` is NOT NULL, so SQLAlchemy cannot null it and SQLite rejects the parent delete.	Add `level_upgrade_logs = db.relationship("LevelUpgradeLog", backref=..., cascade="all, delete-orphan")` on Facility (or `ondelete="CASCADE"` + passive_deletes), or explicitly block with a 409 and a clean message; never echo `str(e)` to the client. ---
BUG-010	Medium	Database	Agent J (Database)	Deleting a user who created production data, SBTi targets or OGMP level logs fails with 500 (FK cleanup list incomplete)	`new/server/routes/auth.py:1058` `delete_user` — hard-coded `tables_to_clean` list (emissions, scope2/3, mitigation_projects, mitigation_records, facilities, emission_sources, custom_factors, cbam_product_exports, base_y	Tables with `created_by → users.id` missing from the clean-up list: `production_data`, `sbti_targets`, `level_upgrade_logs`, `cap_emissions`. (`mitigation_records` in the list has no such columns — the try/except silently swallows that.) No `ondelete` on any users FK.	Derive the clean-up list from `db.metadata` (all FKs referencing `users.id`), or declare `ondelete="SET NULL"` on those FKs; alternatively prefer deactivation (`status='inactive'`) over hard delete. ---
BUG-011	High	Calculation	Agent A (Calculation Engine Auditor)	Well-completion "Rate × Duration" method divides the Mcf/hr rate by 24 (treats it as Mcf/day): CH4 understated 24×	- `new/server/calculations/vented.py` `CompletionFlowbackCalculator.calculate` — `rate_unit="mscf/day"` default and branch `rate_scf_hr = (float(flowback_rate) * multiplier) / 24.0` - `new/server/calculations/dispatcher.	The calculator assumes the rate is in Mcf/**day** unless `rate_unit` contains "hr". The dispatcher never passes a rate unit, but the UI collects Mcf/**hr**. The multiplier logic is also order-dependent: `"mscf" in "mmscf/day"` is true, so an MMscf rate would get ×1000 instead of ×1e6.	Pass an explicit `rate_unit` (UI: "mcf/hr") from the dispatcher, and make the calculator's default match the UI label. Test "mmscf" before "mscf" in the multiplier. Add a regression test against the hand value above. ---
BUG-012	High	Calculation	Agent A (Calculation Engine Auditor)	Well-completion Tier 3 uses `amount` as both the flowback volume and the event count (volume squared), and ignores rate × duration when the method dropdown is left at its default	`new/server/calculations/dispatcher.py`, `dispatch()`, `elif process_type == "completions"`: - `events_val = float(flat_inputs.get("amount") or flat_inputs.get("events") or 1.0)` - `comp_method = flat_inputs.get("comp_me	The single field `amount` is read both as the event multiplier and as the metered volume. The server defaults the method to `metered_volume`, while the UI displays `rate_duration` as its default and never sends it.	Use a dedicated `events` field (never `amount`) for the event count, and a dedicated volume field for metered flowback. Default the server method to the one the UI shows, or have the UI always send `calc_method`. Reject ambiguous payloads. ---
BUG-013	Medium	Methane	Agent D (Methane Auditor)	AR5 20-year GWPs are wrong (CH4 82.5 instead of 84, N2O 268 instead of 264); AR6 pairs the fossil CH4 GWP-20 with the non-fossil-weighted GWP-100	- `new/server/calculations/constants.py:12`: `GWP_AR5 = {..., "CH4_20": 82.5, "N2O_20": 268.0}`. The module comment cites "AR5 - 2013, WG1 Table 8.7". - `constants.py:15`: `GWP_AR6 = {"CH4": 27.9, ..., "CH4_20": 82.5}`. 	Wrong literals in the GWP table (82.5 is the AR6 fossil-CH4 GWP-20, copied into AR5; 268 matches no AR5 table value), mirrored into the client constants.	Set AR5 `CH4_20 = 84`, `N2O_20 = 264`. For AR6, use a consistent CH4 pair (27.9 / 81.2, or fossil 29.8 / 82.5 by source category). Keep constants.js, Settings.jsx and auth.py in sync, and make the tooltip read from the active constants. ---
BUG-014	High	SBTi	Agent H (SBTi Auditor)	SBTi progress KPI uses the current, incomplete year (and any future year) as the "current" year, so the dashboard reports ~95-99% reduction and ON TRACK	`new/server/routes/dashboard.py` `get_sbti_trajectory()` lines ~2816-2843 (`candidate_years` / `latest_actual_year` / `current_actual` / `reduction_achieved_pct` / `on_track`). Consumed by `new/client/src/pages/SbtiDashb	"Current" year is simply the max year having any Verified row within [base_year, target_year]. Partial current-year data, or mis-dated future-year data (the snapshot has Verified rows in 2099 and in 2026-10), becomes the progress year and is compared to a full-year target.	Select the progress year as the latest year ≤ (current_year − 1) (or the last year flagged as closed/complete, e.g. 12 months of data), ignore years > current year, and label the current year as YTD / exclude it from on-track evaluation. ---
BUG-015	Critical	Emissions	Agent C (Tier / Factor Auditor)	43 Tier 1 factors offered in the Scope 1 UI do not exist in the server catalog; records save with HTTP 201 and 0 emissions	- `new/client/src/utils/EmissionFactors.js` `API_FACTORS` (121 entries). `Scope1Form.jsx` lines ~205-231 build the Tier 1 fuel dropdown from it and send `fuel: <key>`. - `new/server/routes/emissions.py` `_lookup_api_fact	There are two independent factor catalogs. The UI lists client keys, but the server looks the factor up by name in its own catalog. On a miss, `factor_data={}` flows into the calculators, and a missing factor is treated as 0 instead of an error. Only the bulk-upload path rejects a missing standard factor, and only for combustion processes (`emissions.py` ~line 666).	- Serve the Tier 1 dropdown from the server catalog (`/api/emission-factors`), or merge the catalogs into one source. - In `compute_emissions`/`create_emission`, reject `factor_source` default/custom when no factor is resolved, instead of computing with 0. ---
BUG-016	Medium	Database	Agent J (Database)	Alembic migration chain is unusable: `flask db upgrade` fails on both the existing DB and a fresh DB	- `new/server/migrations/versions/` (base `815d10c5bbe4` → `61bacaad00dc` → `2ef6f882b02c` → `7fe333372c71` → head `52c620a620d2`) - `new/server/app.py` module-level `db.create_all()`; `new/server/add_columns.py` (ad-hoc	Schema is managed three ways (create_all at import, ad-hoc ALTER scripts / connect hook, Alembic) with no reconciliation; no baseline revision; `add_columns.py` adds columns without stamping.	Create a baseline revision matching the current models, `flask db stamp head` existing DBs after verifying, remove create_all/ad-hoc ALTERs from import-time code and run `flask db upgrade` in the container entrypoint. ---
BUG-017	High	Carbon Intensity	Agent E (Carbon-intensity auditor)	Intensity with year="all" (default view) pairs each facility's emissions from every year with production from other years; KPI mixes periods	- `new/server/routes/dashboard.py` `_query_intensity_stats` L1682-1683 / L1760-1761 / L1904-1905: with year="all" (or absent) no year filter is applied, and production (L1695) and emissions (L1774) are grouped by **facil	Intensity must be computed from emissions and production that cover the same period. With year="all" the server aggregates each facility across all years separately for the numerator and the denominator. Emissions from years without production (and years such as 1800 or 2099) enter the numerator but have no denominator. The client then BOE-weights these mixed per-facility ratios.	For year="all", group production and emissions by (facility_id, year) and include a (facility, year) pair in both the numerator and the denominator only when it has production. Alternatively, do not offer an "all years" intensity and require a single reporting year. ---
BUG-018	High	Uncertainty	Agent G (Uncertainty Auditor)	Uncertainty dashboard applies max(u_CO2, u_CH4, u_N2O) to each record's total CO2e instead of CO2e-weighting the per-gas uncertainties	`new/server/routes/dashboard.py` `_query_uncertainty.get_ef_uncertainty()` (~L2433-2446): `valid_u = [u_co2,u_ch4,u_n2o]` → `return max(valid_u)`. The result is applied to `co2e_total`.	The gases are aggregated without CO2e weighting. The docstring says "use max of those (conservative)". That is not IPCC Approach 1 propagation.	Per record: u_rec = √((u_AD·E)² + Σ_g (u_EF,g · GWP_g · m_g)²) / E. At minimum use Σ_g u_g·E_g,CO2e combined in quadrature, not the max. This requires the per-gas CO2e amounts, which are already stored as co2/ch4/n2o_emissions. ---
BUG-019	High	SBTi	Agent H (SBTi Auditor)	SBTi "Scope 1+2 (Operational)" view compares Scope 1+2 actuals to the Scope 1+2+3 baseline and target line (inflated reduction %, false ON TRACK)	`new/server/routes/dashboard.py` `get_sbti_trajectory()` (~2764-2843): `sbti_target`, `current_target`, `reduction_achieved_pct`, `on_track` always use `target.base_year_emissions`, whatever `scope` is. `new/server/route	A single all-scope baseline/target is reused for scope-subset actuals; no per-scope baseline (the per-scope base-year totals are available from the same queries at `base_year`).	Store scope coverage with the target (or per-scope baselines) and, for scope subsets, compute baseline = scope-subset base-year actual (or the stored per-scope baseline) and derive the target line / reduction % / on_track from it.
BUG-020	High	Security	Agent I (Backend/API/Security)	/api/reports/master-annual-report serves full annual GHG report PDFs to any logged-in role (incl. it_admin and out-of-region users) and returns a static, pre-generated file regardless of facility_id	`new/server/routes/reports.py:454-482` `get_master_annual_report()` — only `@login_required`; no role check, no `get_allowed_facility_ids` / `require_facility_access`.	Demo endpoint wired to static files with no authorization or facility scoping.	Require business role + `require_facility_access(user, facility_id)` (and unrestricted access for the consolidated report); generate from current DB per request (or cache keyed by facility/DB version) instead of a hard-coded desktop path; 404 for unsupported facility ids. ---
BUG-021	Medium	UI	Agent K (Frontend/UI)	Reports search keeps the current page number: "Total Records: 42 | Showing: 0" and no pager to recover	`new/client/src/pages/Reports.jsx` — the filter-change effect (≈lines 99-145). `searchTerm` is in the dependency array but is not part of `prevFiltersRef`/`filterChanged`, so a search change never resets `page` to 1.	`searchTerm` omitted from the "filter changed → reset page" comparison. (Also: no debounce, one request per keystroke.)	Include `searchTerm` in `prevFiltersRef`/`filterChanged` (and debounce the input); also clamp `page` to `pages` when the response has `page > pages`. ---
BUG-022	Low	UI	Agent K (Frontend/UI)	Reports "Group By" selector has no effect (getGroupedData is never called)	`new/client/src/pages/Reports.jsx` — `getGroupedData()` (≈line 352) is defined but never referenced; the grid renders `emissions.map(...)` directly.	Grouping logic not wired to the render.	Render from `getGroupedData()` with group headers/subtotals, or remove the control.
BUG-023	High	Calculation	Agent A (Calculation Engine Auditor)	Tier 3 combustion/flaring gas composition: each component is converted percent→fraction on its own, so mol% values ≤ 1 (e.g. C4 = 1.0 %, C5 = 0.5 %) become 100 % / 50 %; CO2 inflated 2.7× on the app's own template sample	- `new/server/calculations/dispatcher.py` `dispatch()`, Tier 3 combustion and flaring branches. The nested `safe_frac(key)` returns `num / 100.0 if num > 1.0 else num` **per component**. - `new/server/calculations/combus	Percent-vs-fraction detection is done per value (`> 1.0`) and not per composition. Any component whose mol% is ≤ 1 is misread as a fraction. The calculator then applies a second heuristic on the mixed sum.	Decide the basis once for the whole composition (e.g. the documented mol% basis, or sum > 1.5 ⇒ percent) and apply it to every component, including CO2 and N2. Do not scale components individually. ---
BUG-024	Medium	Calculation	Agent A (Calculation Engine Auditor)	Tier 3 flaring/combustion renormalises the gas composition without N2 (and without unspecified components), inflating CH4 and CO2 by 1/(1 − x_inert)	`new/server/calculations/combustion.py`: - `FlaringCalculator.calculate`: `total_raw = sum(raw_c.values()) + raw_co2`, then `c_fractions[k] /= total_sum` - `CombustionCalculator.calculate`: the same block The dispatcher 	Normalisation to 1.0 uses only C1–C10 and CO2. N2, H2S and any unspecified components are dropped, and the composition is forced to sum to 1.	Include N2 (and other inerts) in the sum. Renormalise only when the analysis is complete (sum close to 100 %, within a tolerance). Otherwise use the stated mole fractions as given, and warn.
BUG-025	Medium	Uncertainty	Agent G (Uncertainty Auditor)	Meter (activity-data) and GC (composition) uncertainty inputs are accepted but silently ignored by every calculator	- `new/server/calculations/dispatcher.py` L242-257 stores `meter_uncertainty_pct` / `gc_uncertainty_pct` as `uncertainties["_activity_uncertainty"]` / `["_composition_uncertainty"]`. - `calculations/uncertainty.py propag	The dispatcher writes the overrides into the `uncertainties` dict. The calculators pass that dict's per-gas entries to `resolve_ef_uncertainty` but never pass the dict itself to `propagate_uncertainty(..., uncertainties_dict=uncertainties)`. As a result, `_activity_uncertainty` and `_composition_uncertainty` are dead.	Pass `uncertainties_dict=uncertainties` in every `propagate_uncertainty` call, or have the dispatcher apply the overrides centrally after the calculator returns. Add a test asserting that a meter override changes `relative_uncertainty`. ---
BUG-026	High	Dashboard	Agent F (Dashboard reconciliation auditor)	Flaring panel treats "All Years" as the current calendar year and ignores the Supply-Chain/Activity/Division/Preview-Pending filters, so it contradicts the dashboard it sits in	- `new/server/routes/dashboard.py` `get_flaring_summary()` (~L2868-3072): `yr = int(year) if year and year != "all" else datetime.now().year`; it reads only `year` and `facilityId`. `activity`, `division`, `segment`, `in	`get_flaring_summary` was written as a single-year and single-facility endpoint. It maps "all" to `datetime.now().year` and never reads the other filter parameters. The client renders its result inside the all-years, filtered dashboard with no year label.	Support `year=all` (sum all years, or show "select a year" for the compliance ratio) and apply `activity/division/segment` through `Facility`, plus `includePending`. Label the panel with the year it actually covers. Do not render stream sub-rows under a parent computed from a different population. ---
BUG-027	High	Calculation	Agent C (Tier / Factor Auditor)	Tier 1 combustion applies the catalog HHV in the wrong basis when the activity unit is mass or the other phase (diesel/crude per tonne ×3.6, natural gas per tonne ÷40, ethane per scf ×39)	- `new/server/calculations/combustion.py` `convert_factor_to_kg_per_unit()`, lines ~84-135 (the `kg/MMBtu` branch). - `is_solid_fuel` is set true for any mass activity unit (`a_unit in [tonne, kg, lb ...]`). The fuel's H	The catalog HHV carries no unit. Its basis is implied by `baseUnit` (gal, scf or ton). The converter infers the basis from the activity unit, and from fuel-name keywords, instead of from the factor's basis. It has no density bridge between volume-basis HHV and mass activity.	- Store the HHV unit explicitly (Btu/gal, Btu/scf, MMBtu/short ton). - Convert activity to the HHV basis using density when crossing mass↔volume, or reject units incompatible with the fuel's basis. - Fix `Ethane` to a liquid basis, or add a gaseous HHV. ---
BUG-028	Medium	SBTi	Agent H (SBTi Auditor)	SBTi dashboard shows "ON TRACK — Reduction: 100% vs Baseline" when there is no verified data at all in the target window	`new/server/routes/dashboard.py` `get_sbti_trajectory()`: `latest_actual_year = max(candidate_years, default=base_year)`, `current_actual = actuals.get(latest_actual_year, actuals.get(current_year, 0.0))`, `reduction_ach	Absence of data is represented as 0 emissions and treated as success instead of "not available".	If no candidate year with data exists (or actual is 0 because no rows exist), return `current_actual=null, reduction_achieved_pct=null, on_track=null`, and render "No data" in the UI.
BUG-029	High	UI	Agent L (Browser)	Manage Data page crashes for every user when any facility has a NULL name; POST /api/facilities accepts facilities with no name	- `new/client/src/pages/ManageData.jsx:1306-1307` (`getFilteredFacilities`: `f.name.toLowerCase()` with no null guard) - `new/server/routes/facilities.py:121-170` (`add_facility`: no required-field validation; `name=data	The server has no required-field validation for facility name (and the column is nullable). The client assumes `f.name` is always a string (`f.name.toLowerCase()`), while it guards `f.location?.` and `f.field?.` on the same line.	Require a non-empty `name` in `add_facility`/update (and bulk import), make `Facility.name` NOT NULL after cleaning the data, and use `(f.name || '').toLowerCase()` in `getFilteredFacilities`. ---
BUG-030	Medium	Emissions	Agent B (Emissions Auditor)	POST /api/emissions/ calculates from `quantity`/`fuel_type` but stores only `amount`/`fuel`: records keep emissions with NULL activity quantity and fuel	`new/server/routes/emissions.py` `add_emission()`: - the validation block checks `data["quantity"]`; - `_lookup_api_factor(data.get("fuel") or data.get("fuel_type"))`; - `compute_emissions` reads `amount` or `quantity` (	Key-name mismatch between the fields used for the calculation (either alias accepted) and the fields persisted (only `amount`/`fuel`).	Persist `fuel_type=data.get("fuel") or data.get("fuel_type")` and `quantity=` the same parsed `amount`/`quantity` value that `compute_emissions` used. ---
BUG-031	Medium	Methane	Agent D (Methane Auditor)	Facility OGMP 2.0 level counts Draft, Pending and Rejected emission records, so a rejected record can raise a facility's level	`new/server/services/ogmp.py` `compute_facility_ogmp_level()`, ~lines 88-97: ```python q = Emission.query.filter_by(facility_id=facility.id) if year ...: q = q.filter_by(year=int(year)) records = q.all() bottom_up_level 	The record query in `compute_facility_ogmp_level` lacks the status filter. It also takes the **max** level over records rather than the level of the material share of emissions. For example, facility 13 (2026) has 236.6 t of its 338.9 tCH4 at Level 2 and is still reported as Level 4.	Filter `Emission.status == "Verified"`. Derive the facility bottom-up level from the emission-weighted (materiality) share at L4, not the maximum over any single record. ---
BUG-032	Medium	Security	Agent H (SBTi Auditor)	GET /api/manage/sbti ignores facility/region scoping: region-restricted users can read organisation-wide Verified emission totals for any year	`new/server/routes/managedata.py` `manage_sbti()` GET branch (~lines 996-1033): `Emission.query.filter_by(status="Verified", year=calc_year)` (and Scope2/Scope3) without `get_allowed_facility_ids(user)`.	Missing `get_allowed_facility_ids` scoping in the baseline suggestion query.	Apply `allowed_fids` to the three queries (or restrict the suggestion to admins), consistent with `/dashboard/sbti-trajectory`. ---
BUG-033	High	Carbon Intensity	Agent E (Carbon-intensity auditor)	Decree 21-330 flaring intensity (/flaring-summary) misconverts units: MMscf 1000× too low, scf/kscf 35× too high, UI "m³" gas production 28× too high; compliance verdict flips	`new/server/routes/dashboard.py` `get_flaring_summary`: - Numerator (flared volume) L2923-2931: `if "k" in unit ... elif "mscf" in unit: *28.3168 elif "mmscf" in unit: *28316.8 else: m3` - "mmscf" contains "mscf", so the	Unit detection uses substring tests in the wrong order ("mscf" is checked before "mmscf", and any "k" means kilo-m3). It has no scf branch and does not recognise the "m³" spelling that the client stores. Three separate ad-hoc conversion tables exist, for the flaring-summary numerator, the denominator and the prior year.	Use one shared exact-match unit normaliser, e.g. `calculations/units.py`, for flared volume, produced gas and prior year. Match exact tokens (m3, m³, sm3, knm3, scf, mscf/mcf, mmscf, kscf). Reject or flag unknown units instead of defaulting to m3 or mscf. ---
BUG-034	Medium	SBTi	Agent H (SBTi Auditor)	SBTi target POST accepts NaN / Infinity (range checks pass for non-finite floats); trajectory endpoint then returns 500 or invalid JSON for all users	`new/server/routes/managedata.py` `manage_sbti()` POST validation (~1040-1057); `new/server/routes/dashboard.py` `get_sbti_trajectory()` line 2764 `rate = target.reduction_rate_pct / 100.0`.	No `math.isfinite` check; range comparisons against NaN are always False.	Reject non-finite values (`math.isfinite`) for all numeric fields; return generic errors instead of `str(e)`; guard `reduction_rate_pct is None` in the trajectory. ---
BUG-035	Medium	Dashboard	Agent F (Dashboard reconciliation auditor)	Flaring-summary volume conversion: "mmscf" hits the "mscf" branch (1000× understated), "scf" is read as m³, and the prior-year path uses a different, cruder conversion (YoY +2,732 % for identical volumes)	`new/server/routes/dashboard.py` `get_flaring_summary()`: - Current-year conversion (~L2920-2928): `if "k" in unit … elif "mscf" in unit: ×28.3168 elif "mmscf" in unit: ×28316.8 else: qty`. The `mmscf` branch can never r	The unit is matched with substring checks in the wrong order (`mscf` before `mmscf`, and `"k" in unit` catches any unit containing a k). There is no scf branch. The YoY denominator is converted by separate code that knows only "k" units.	Use the central `calculations/units.py` gas-volume normalisation with exact unit keys for both current and prior year. Reject or flag unknown units instead of treating them as m3. Match process types case-insensitively and in the same way as `_query_summary`. ---
BUG-036	Medium	Dashboard	Agent F (Dashboard reconciliation auditor)	Flaring panel invents a 56 % / 40 % / 4 % Routine / Non-Routine / Safety split for generic "flaring" records and shows 0 tCO₂e for every stream (and a 2.5 t/kNm³ proxy when CO₂e is 0)	`new/server/routes/dashboard.py` `get_flaring_summary()`: - ~L2945-2951: `if r_m3 == 0 and nr_m3 == 0 and s_m3 == 0 and em_general_m3 > 0: r_m3 = em_general_m3 * 0.56; nr_m3 = … * 0.40; s_m3 = … * 0.04` - per-stream `tco	A fallback allocates the volume by fixed benchmark ratios but does not allocate the CO2e. There is no indicator that the figures are modeled.	Remove the fixed 56/40/4 split. Report generic flaring as "Unclassified". If modeled values are kept, allocate the CO2e with them and label them as estimated. Do not substitute a 2.5 t/kNm3 proxy without a flag. ---
BUG-037	High	Uncertainty	Agent G (Uncertainty Auditor)	Editing a Scope 1 record replaces its propagated 1σ uncertainty with the raw catalog EF half-width (95 %, EF-only); user_uncertainty is stored unpropagated	`new/server/routes/emissions.py` `update_emission()` ~L3571-3597. After `compute_emissions()` the code sets `record.uncertainty/_ch4/_n2o = factor_data["uncertainty"][gas]` (raw catalog value) and `user_uncertainty[g]/10	Two code paths persist different quantities in the same column. The POST/bulk paths store the 1σ combined EF+AD value from `propagate_uncertainty`. The PUT and `/import` paths store the unpropagated 95 % EF-only half-width, which omits the AD term and the /k conversion. Consumers then apply k=2 again.	In `update_emission` and `import_emissions`, persist `calculated_em["_full_api_res"]["results"][gas]["uncertainty"]`, as `add_emission` does, and drop the post-hoc `user_uncertainty/100` override (the dispatcher already propagates it). Back-fill the existing rows by recomputing them.
BUG-038	Medium	Security	Agent I (Backend/API/Security)	Audit trail (/api/audit/, /api/audit/export) is not facility/region-scoped: a region-restricted superuser reads activity entries for every region's records	`new/server/routes/audit.py:52` `_build_audit_query()` — only IT roles are filtered (to security actions); superusers with a restricted `location` get the unfiltered `ActivityLog` table. Same for `/export`, `/filters`, `	Audit queries apply role-based action filtering for IT only; no `get_allowed_facility_ids` scoping for regional roles. ActivityLog has no facility column, so scoping requires joining via entity/entity_id.	Store facility_id on ActivityLog (or resolve through entity/entity_id) and filter by `get_allowed_facility_ids(user)` for non-unrestricted roles; or restrict the audit trail to admin/unrestricted superusers. ---
BUG-039	Medium	API	Agent H (SBTi Auditor)	Emission goals API ("+ Set Target") has no value validation: negative, year 1, and NaN goals are accepted; a NaN goal for the current year makes the main dashboard batch return 500	`new/server/routes/managedata.py` `add_or_update_goal()` (POST `/api/goals`, ~line 770); consumers `new/server/routes/dashboard.py` batch-all (`float(goal.target_amount)` ~line 258) and `get_goal()` `/dashboard/goals/<ye	Only presence checks (`data.get("year")`, `target_amount is not None`) and `float()` conversion; no `isfinite`, sign or range check. Readers call `float(goal.target_amount)` without None-guard (`/goals` list guards it, the other two do not).	Validate `math.isfinite(target) and target > 0` and a year range; guard `target_amount is None` in the readers. ---
BUG-040	High	Dashboard	Agent F (Dashboard reconciliation auditor)	Supply Chain filter is not applied to the emissions-by-source split: "Emissions by Source" donut and Detailed Breakdown rows show company-wide values (sources add up to 7× Scope 1)	`new/server/routes/dashboard.py` `_query_summary()`. The Scope 1 and Scope 2 queries (~L415-420, ~L450-455) join `Facility` and filter `Facility.segment == segment`. The per-source `activity_query` (~L530-545) applies fa	The `segment` join and filter were added to the Scope 1 and Scope 2 queries of `_query_summary` but not to the third (source-split) query. The merge loop only checks `key in yearly_data` and does not check that the populations match.	Apply the same `Facility` join and `Facility.segment == segment` filter to `activity_query`. Better, derive all three queries from one filtered base query. Add an invariant test that the source sum equals Scope 1. ---
BUG-041	Medium	Dashboard	Agent H (SBTi Auditor)	Dashboard "% GOAL" badge in the default All-years view divides the cumulative multi-year Scope 1+2 total by the single current-year goal (and ignores region/facility filters)	`new/server/routes/dashboard.py` batch-all: `goal_year = int(year) if year and year != "all" else datetime.now().year` (~line 168). `new/client/src/pages/DashboardEnhanced.jsx` totals loop (~290-305, sums every year when	Year = "all" is mapped to the current year's goal while the numerator is the all-year sum; no filter-scope awareness.	Hide the badge when Year = All (or compare only the goal year's actual), and hide/scale it when region/facility filters are active. ---
BUG-042	High	Emissions	Agent C (Tier / Factor Auditor)	Recalculating a Tier 2 (custom-factor) Scope 1 record drops the custom factor: emissions become 0 or silently switch to the catalog factor, while factor_source stays "custom"	`new/server/routes/emissions.py`, the update route (PUT `/api/emissions/<id>`), lines ~3473-3530. - `factor_data = _lookup_api_factor(data.get("fuel") or ... or record.fuel_type)`. - The custom factor is applied only whe	The update route rebuilds `factor_data` only from the request body. The custom factor linkage (`custom_factor_id` in `source_payload`) is ignored. The fallback lookup by `fuel_type` (the custom factor id as a string) finds nothing, and a missing factor is treated as 0.	- On recalculation, resolve `custom_factor_id` from the request, else from `source_payload`, and fail if the factor no longer exists. - Never fall back to the catalog, or to 0, for a record whose `factor_source` is `custom`. ---
BUG-043	Medium	Uncertainty	Agent G (Uncertainty Auditor)	Stored uncertainty has no range or unit validation: Scope 2/3 accept percent values, negatives, NaN and 1e6, and the Uncertainty dashboard shows ±3600 %	- `new/server/routes/scope2.py` L220-222 (POST) and L464-465 (PUT: `float(data["uncertainty"] or 0)`). - `new/server/routes/scope3.py` L126-128. - `new/server/routes/dashboard.py` `get_ef_uncertainty()`, which takes any 	No validation or unit contract on uncertainty inputs: the fraction/percent ambiguity is never resolved and there are no finiteness or range checks. The consumers handle out-of-range values inconsistently: the dashboard applies no guard, QAQC applies a heuristic /100, and negatives fall back to a default.	Validate that uncertainty is finite and satisfies 0 ≤ u ≤ 2 (fraction, 1σ) on every write path, or accept a clearly named `uncertainty_pct` and convert it. Reject NaN/Inf. Apply one shared normalisation or guard in both dashboard consumers and flag out-of-range stored rows instead of propagating them. ---
BUG-044	High	Carbon Intensity	Agent E (Carbon-intensity auditor)	/granular-intensities (Master Report "Multi-Metric Intensities") divides all-facility emissions by only the facilities with granular MMboe fields, and fabricates NGSI methane (0.05 %) and saleable production (85 %)	`new/server/routes/dashboard.py` `get_granular_intensities` L3075-3172: - L3133 `total_boe = Σ total_production_mmboe×1e6`. The oil/gas fallback (L3138-3141) runs only when that sum is **0 for the whole query**. Rows wit	The fallback is decided all-or-nothing on the aggregate instead of per row, and it is unit-blind. Missing inputs are replaced by invented constants (0.85 saleable, 0.05 % CH4) rather than being reported as "not available". The report template also hard-codes values and verdicts.	Compute BOE per production row: use `total_production_mmboe` when it is present, otherwise unit-converted oil + gas with a single shared BOE factor. Use the same factor in every endpoint. Return null / "insufficient data" instead of 0.85 or 0.05. For NGSI, fall back to `gas_amount` converted to m³. Compute the report's flaring Sm³/BOE and its verdict strings from data. ---
BUG-045	Medium	Backend	Agent L (Browser)	"Add Region" (create facility) form fails with HTTP 500 unless the optional Latitude/Longitude fields are filled	- `new/server/routes/facilities.py:176-177` (`latitude=data.get("latitude")`, `longitude=data.get("longitude")` passed straight to Float columns); same pattern at `:286-289` in the update route - `new/client/src/pages/Ma	The route does not coerce empty strings for the Float columns latitude/longitude (unlike `equity_share_pct`/`reconciliation_threshold`, which use `float(x or default)`), and the form always sends them as "".	Parse latitude/longitude as `float(v) if v not in (None, "") else None` (with range checks -90..90 / -180..180) in both create and update, and return 400 on invalid values. The client should also omit empty numeric fields. ---
BUG-046	High	API	Agent I (Backend/API/Security)	Equity-share allocation ignores effective dates (time-sliced ownership never applied) and POST /api/equity/shares accepts any percentage (500, -50, inf) from any business role	- `new/server/routes/equity_routes.py:129-205` `get_equity_allocation()` — `shares = FacilityEquityShare.query.filter_by(facility_id=fac.id).all()` then `next(s for s in shares if s.partner_id == p.id)`: the comment says	Missing date filter when selecting the active slice; no input validation on the write endpoint.	Select shares where `effective_start_date <= year-end` and (`effective_end_date` is null or `>= year-start`), pro-rating mid-year changes; validate 0 ≤ pct ≤ 100, finite, and per-period sum ≤ 100; restrict writes to admin/superuser; return 400 on parse errors.
BUG-047	High	Calculation	Agent A (Calculation Engine Auditor)	Tier 1 fugitive and equipment factors in "per hour" units are multiplied only by the source count (no operating hours): annual CH4 understated 8,760×, and Tier 1 disagrees with Tier 3 for the same factor	- `new/server/calculations/dispatcher.py` `_generic_calculation()`. It computes `quantity × factor`, with a denominator conversion only for volume/mass units. Time denominators ("/hr") are ignored and no hours are applie	The generic calculator treats every factor as "per activity unit". Per-hour factors need count × hours, but no hours input is collected or applied.	Parse the time denominator. Require operating hours (default to hours in the reporting period) for "/hr" factors and multiply. Share one implementation between Tier 1 and Tier 3. ---
BUG-048	High	Calculation	Agent A (Calculation Engine Auditor)	Tier 3 fugitive calculators misread catalog factor units: "CH₄" (Unicode subscript) is not recognised as methane (×0.85 applied), and ComponentFugitiveCalculator treats tonne/hr factors as kg/hr (1000× too low)	- `new/server/calculations/fugitive.py` `EquipmentFugitiveCalculator.calculate`: `is_methane = any(x in u_low for x in ["ch4", "methane", "ch_4"])` - `new/server/calculations/fugitive.py` `ComponentFugitiveCalculator.cal	String matching on units does not normalise the Unicode subscript. The component calculator hard-codes kg.	Normalise units before matching (map subscript digits to ASCII, strip spaces). Parse the numerator mass unit explicitly (t/kg/g/lb) in both calculators. Add regression tests with the real catalog strings. ---
BUG-049	High	Calculation	Agent A (Calculation Engine Auditor)	Generic factor math ignores the 10³ / 10⁶ multiplier in factor denominators: offshore gas fugitives 1,000,000× and refinery fuel-gas fugitives 1,000× overstated	`new/server/calculations/dispatcher.py` `_generic_calculation()`. `matched_v_denom` is picked by substring (`k in f_denom`), so `"10⁶ scf produced"` matches `scf` and `"10³ bbl feedstock"` matches `bbl`. The 10ⁿ scale is	Denominator parsing takes the first unit-name substring and ignores numeric scale prefixes (10³, 10⁶, "per thousand").	Parse scale prefixes (10³/10⁶/k/M/MM) in denominators and divide accordingly. Better still, store factors in canonical units with an explicit denominator unit field. ---
BUG-050	Medium	Calculation	Agent A (Calculation Engine Auditor)	Negative activity amounts are accepted for process types that are not in the dispatcher (e.g. "loading") and saved as negative emissions	- `new/server/calculations/dispatcher.py` `dispatch()`: `if not calculator: return self._generic_calculation(...)` runs **before** the NaN/Inf/negative quantity checks. `_generic_calculation` has no validation. - `new/se	Input validation is applied only on the calculator path and only to the `quantity` key.	Validate `amount` and `quantity` (finite, ≥ 0) in the route. Move the dispatcher's quantity validation above the `if not calculator` early return. ---
BUG-051	Medium	Calculation	Agent A (Calculation Engine Auditor)	Energy activity units kWh / MJ / Btu with a kg/MMBtu factor are treated as scf of gas (× 1020 Btu/scf): 1000 kWh of natural gas is 3.3× too low, MJ 7.6 % too high	- `new/server/calculations/combustion.py` `convert_factor_to_kg_per_unit()`, `kg/MMBtu` branch. Only `mmbtu`, `gj` and `therm` are handled as energy. Any other unit falls through to `return val * ((hhv or ...) / 1_000_00	Energy units are hard-coded to a short list, and the fallback silently assumes a gas volume.	Convert all energy units through `ENERGY_UNITS_TO_MJ`. Raise an error for unrecognised units instead of assuming scf. ---
BUG-052	Medium	Methane	Agent D (Methane Auditor)	OGMP survey reconciliation status defaults to "Reconciled" whatever the computed variance; a +354 % discrepancy is stored and shown as Reconciled, and a zero bottom-up case is shown as "+0.0 %"	- `new/server/routes/data.py` `save_ogmp_survey()`, ~line 457: `reconciliation_status = (data.get('reconciliation_status') or ... or 'Reconciled')`. It is stored as given, independently of the `variance_pct` / `variance_	The reconciliation status is a free-text client field with a "Reconciled" default and is never tied to the computed flag. `None` variance is coerced to 0.0 on read. The stored `bottom_up_tch4` / `variance_pct` are also a snapshot taken at save time and never refreshed when emissions change.	Derive `reconciliation_status` server-side from the variance and threshold ("Discrepancy Flagged" / "Reconciled" / "No Bottom-Up"). Only allow an explicit override with a justification. Return `null` variance as null, and recompute bottom-up on read. ---
BUG-053	High	API	Agent I (Backend/API/Security)	CAP (air-pollutant) emissions bypass maker-checker: POST /api/cap/emissions stores records as "Verified" by default (client-controlled status) for role user; negative mass/concentration accepted	`new/server/routes/cap_routes.py:115-183` `create_or_update_cap_emission()` — `record.status = data.get("status", "Verified")` (l.179); no role check beyond `require_facility_access`; no numeric validation (`float(mass_v	Status defaulted/taken from the payload; no validation.	Ignore client `status`; set Pending for non-admin (Verified only via an approval step); validate finite, non-negative numbers; make `/compliance` use Verified records only. ---
BUG-054	Medium	Dashboard	Agent F (Dashboard reconciliation auditor)	"Preview Pending Data" and the pending banner are inconsistent with the rest of the dashboard: the toggle changes only the KPIs (categorical/org breakdown and Scope 3 stay Verified-only), and the banner ignores the Supply Chain, Activity and Division filters and omits Scope 3	`new/server/routes/dashboard.py` `get_batch_dashboard_data()`: - `include_pending` is passed only to `_query_summary`. `_query_categorical_breakdown`, `_query_scope3_summary`, `_query_intensity_stats` and `get_flaring_su	The `includePending` flag and the filter set are applied per sub-query and not shared. Only `_query_summary` received the flag, and the pending-stats query was written with a subset of the filters.	Pass `include_pending` to every sub-query, or show a clear "verified-only" label on panels that ignore it. Apply the same Facility-level activity, division and segment filters to `pending_stats`, and add Scope 3 Pending rows. ---
BUG-055	Medium	Uncertainty	Agent G (Uncertainty Auditor)	QA Dashboard "IPCC Tier 1 Uncertainty" reports 1σ as ±%, uses only the CO2 column, and includes Draft and Pending records, so it contradicts the Uncertainty page	- `new/server/routes/qaqc.py` ~L160-222 (`_norm_unc`, s1/s2/s3 `unc_var`, `overall_uncertainty`) and L598-606 (`tier1_uncertainty`). - `new/client/src/pages/QADashboard.jsx` L530-548, which displays `±{overall*100}%` wit	The QA dashboard reimplements the aggregation independently. It uses a different subset (all non-rejected records instead of Verified), a different confidence level (1σ instead of 95 %), and a different gas basis (CO2 column only). Its default for missing values is 0.05 for S1/S2 and 0.10 for S3, against the Uncertainty page's 0.10–0.40. The UI labels the result "IPCC Tier 1 Uncertainty ±x%", which reads as a 95 % fi	Reuse `_query_uncertainty`, or a shared service, for the QA card: Verified status, 95 % (k=2), and CO2e-weighted per-gas uncertainty. Label the confidence level in the UI. ---
BUG-056	Medium	Database	Agent C (Tier / Factor Auditor)	Custom factors used by Tier 2 records can be deleted: the reference check matches `fuel_type == factor name`, but UI records store the factor id, which SQLite then reuses for the next factor	- `new/server/routes/custom_factors.py` `delete_custom_factor()`: `Emission.query.filter(Emission.fuel_type == factor.name)` and `Scope2Emission.source_type == factor.name`. - `new/client/src/components/Scope1Form.jsx`: 	The reference check compares by name, but the UI links records by id. There is also no FK from emissions to custom_factors, and ids are reused.	- Store `custom_factor_id` as a real FK column on emissions. - Block deletion by id reference (and by the name for legacy rows), or soft-archive factors. - Use AUTOINCREMENT, or never reuse ids. ---
BUG-057	High	Database	Agent J (Database)	Bulk upload with "Overwrite Duplicates" enabled inserts every in-file duplicate row as a separate record (double counting)	`new/server/background_processor.py` — duplicate-key logic in `_process_row` (Scope 1, ~l.1862-1899), `_process_row_scope2` (~l.1024-1047), `_process_row_scope3_eeio` (~l.1130-1151), `_process_row_scope3` (~l.1259-1281).	A newly-seen key is stored as `batch_keys[key] = None` (the new object has no id yet). On a later in-file hit with overwrite enabled, `existing_id` is None → `existing_obj` is None → the `if existing_obj:` branch is skipped and execution falls through to creating another new record. The "overwrite" option is thus less safe than the default.	Store the pending object itself in `batch_keys` (as `_process_row_production` does with `batch_prod_map`) and update it in place on in-file repeats; add a DB unique index on the natural key (or at least a QA duplicate check). ---
BUG-058	Medium	Database	Agent J (Database)	Bulk-upload overwrite rewrites approved records without an audit trail and leaves them "Pending" but still marked approved	`new/server/background_processor.py` overwrite branches (Scope 1 ~l.1874-1893, Scope 2 ~l.1036-1045, Scope 3 ~l.1141-1150 and ~l.1270-1279) set `existing_obj.status = "Pending"` but never touch `approved_by`/`approved_at	Overwrite branches only partially reset maker-checker state; bulk processor has no audit logging at all.	In overwrite branches clear `approved_by`/`approved_at` (and set `updated_by`), capture old values, and write one ActivityLog per overwritten record plus one IMPORT summary per job, committed in the same transaction as the data. ---
BUG-059	Medium	SBTi	Agent H (SBTi Auditor)	SBTi target labelled "1.5°C" is not tied to its reduction rate (0.5 %/yr accepted and displayed as 1.5°C); arbitrary pathway strings and future base years accepted; main-dashboard banner hard-codes "SBTi 1.5°C Linear Target"	`new/server/routes/managedata.py` `manage_sbti()` POST validation (pathway_type is `str(...)` with no whitelist; rate range 0-25 independent of pathway; base_year allowed up to 2035 regardless of current year). `new/clie	No cross-field validation between `pathway_type` and `reduction_rate_pct`; free-text pathway; hard-coded label in DashboardEnhanced.	Whitelist pathway ∈ {1.5C, WB2C, custom}; enforce rate ≥ 4.2 for 1.5C and ≥ 2.5 for WB2C (or label "Custom"); reject base_year > current year; use `sbtiData.pathway_type`/rate in the dashboard banner label. ---
BUG-060	Medium	API	Agent I (Backend/API/Security)	Scope 2 manual entries and Scope 2 bulk imports by a superuser are auto-Verified, while Scope 1 and Scope 3 require admin approval (inconsistent maker-checker)	- `new/server/routes/scope2.py:236-241` — `initial_status = "Verified" if user.role in ["admin", "superuser"] else "Pending"` (comment cites "D-04"). - `new/server/routes/scope2.py:567` — bulk import: `bulk_status = "Ver	Scope 2 routes use a different role list for auto-verification than Scope 1/3 and than the documented bulk-import rule.	Use one shared status policy helper for all scopes (admin → Verified, others → Pending; bulk → Pending). ---
BUG-061	Medium	Dashboard	Agent F (Dashboard reconciliation auditor)	Dashboard "Emissions by Source" mis-classifies process types: fuel-gas combustion (6.47 M t) shown as "Other", pneumatics/tanks/dehydrators/unloading/completions as "Other" instead of Venting, fugitives merged into "Venting", mobile combustion labelled "Stationary Combustion"	- `new/server/routes/dashboard.py` `_query_summary()` `SOURCE_MAP` (~L555-570). It matches substrings for "combustion", "flaring"/"flare", "vent" and "fugitive" (the last mapped to **venting**), and sends everything else	A hand-written, incomplete substring map is used instead of the dispatcher's process-type to category mapping. The client relabels the combustion bucket as "Stationary".	Classify with the dispatcher's canonical process-type categories (combustion stationary/mobile, flaring, vented, fugitive, process). Add a `fugitive` bucket, and label the combustion row "Combustion", or split it into stationary and mobile.
BUG-062	Low	UI	Agent G (Uncertainty Auditor)	Uncertainty display inconsistencies: EmissionResult shows the ±1σ (68 %) band as the "Confidence Interval", Scope 2/3 tables use k=1.96 while everything else uses k=2, and the Uncertainty page badge thresholds contradict its legend	- `new/client/src/components/EmissionResult.jsx` L19-32 and L86-100 (`margin = value * uncertainty`, tooltip "Confidence Interval: lo - hi"). This component is shown after every Scope 1/2/3 save. - `Scope2Form.jsx` L755 	There is no shared convention for confidence level, coverage factor or level thresholds between components.	Render `value ± 2·u·value` and label it "95 % CI (k=2)". Replace 1.96 with the shared constant. Use the backend-provided `level` or the same thresholds for the inventory badge. ---
BUG-063	High	Calculation	Agent C (Tier / Factor Auditor)	Tier 2 custom factors whose unit is not "kg/<unit>" are misapplied (Manage Data form stores a bare activity unit): tonne factors ×1000 (×10⁶ with kg activity), no volume/mass conversion at all; unknown units such as kg/TJ or kg/GJ are applied 1:1	- `new/client/src/pages/ManageData.jsx` (~line 2241). The "Custom Factor" form stores `unit` as the bare activity unit (`scf | m³ | gal | bbl | kg | tonne`), with the values labelled "CO₂ Factor (kg/unit)". - `QuickAddCu	There is no canonical unit format for custom factors, and the calculator does not validate units. It parses the numerator from the text before "/", and treats a unit without a "/" as having no denominator. Units it does not recognise fall through unconverted, with no error.	- Store custom factors with an explicit numerator/denominator unit from a whitelist, and migrate bare units to `kg/<unit>`. - In the calculator, reject factor units it cannot convert to the activity unit instead of applying them 1:1. - Add GJ/TJ/MJ energy denominators, and require an HHV for energy ↔ volume conversion. ---
BUG-064	Low	Dashboard	Agent F (Dashboard reconciliation auditor)	Categorical Emissions Overview groups facilities by name instead of id: six distinct facilities are merged into one "Updated Facility" card (3.19 T t)	`new/server/routes/dashboard.py` `_query_categorical_breakdown()`: `group_by(Facility.activity, Facility.division, Facility.name, Facility.field)` for Scope 1, 2 and 3, and `output_map` is keyed on the same tuple. `Facil	The group key uses display attributes instead of the facility primary key.	Group by `Facility.id`, return `facility_id`, and key `output_map` on it. Consider a uniqueness constraint or warning on facility names. ---
BUG-065	Medium	Database	Agent J (Database)	Custom factor names are not unique, yet bulk import resolves factors by name: the most recently created same-named factor is silently applied	- `new/server/models.py` `CustomFactor.name` — `index=True`, no unique constraint. - `new/server/routes/custom_factors.py` POST (l.84) / PUT (l.164) / `/import` — no duplicate-name check; PUT allows renaming onto an exis	Custom factors are referenced by free-text name everywhere, but the name has no uniqueness constraint or validation (including case-insensitive collisions, since lookups use `lower()`).	Add a (case-insensitive) unique constraint on `custom_factors.name` (or name+unit+version) and reject duplicates on create/rename/import; reference factors by id in records. ---
BUG-066	Critical	Calculation	Agent K (Frontend/UI)	AGR form throughput units MMscfd / Mcf/day / m³/yr are ignored by the server (read as MMscf/yr): CO2 365× low, 2.7× high, or 28,317× high	- `new/client/src/components/scope1/AGRForm.jsx` (unit dropdown: MMscf/yr, MMscfd, Mcf/day, m³/yr → `agr_unit`) - `new/client/src/components/Scope1Form.jsx` ≈lines 803-819 (every formData key incl. raw `agr_throughput`/`	Client converts the throughput only into `amount`, but also forwards the raw throughput and unit string in `calc_inputs`; the dispatcher prefers `agr_throughput` and its `_normalize_volume` has no rate units (`/day`, `/yr`) and no `m3/yr`, falling through to "already MMscf". The client's m³/yr branch additionally has a spurious `/1000`.	Server: handle rate/annual units explicitly (`mmscf/day`×365, `mcf/day`×0.365, `m3/yr`/`m3`÷28,316.85 etc.) and reject unknown units instead of passing through. Client: send one canonical value (MMscf/yr) in both `amount` and `calc_inputs.agr.agr_throughput`, and remove the extra `/1000`. ---
BUG-067	High	Security	Agent I (Backend/API/Security)	Maker-checker bypass through edit and delete: a superuser can approve a record they just edited, silently re-date/re-assign Verified records, and a user can hard-delete their own Verified records	- `new/server/routes/emissions.py:3423-3480` `update_emission()` — status reset to Pending only when a *non-admin/superuser* edits a Verified record, or when "physical" keys change and user ≠ admin. `year`, `month`, `fac	Segregation of duties keyed only on `created_by`; the status-reset rule exempts superusers for non-quantity fields; delete has no status gate.	Track `last_modified_by`; block approval when approver is creator OR last modifier; any edit by non-admin (incl. superuser) to a Verified record → Pending; forbid deleting Verified records for non-admins (or route via a pending-deletion review). ---
BUG-068	High	Emissions	Agent B (Emissions Auditor)	Purchased steam/heat (`indirect_steam`) and CHP allocation (`cogen_allocation`) are accepted as Scope 1 process types and added to Scope 1 totals (Scope 2 counted as Scope 1; CHP double counting)	- `new/server/routes/emissions.py` `add_emission()`: any `process_type` is accepted; no check against Scope 2 categories. - The Scope 1 CSV template (`emissions.py` ~L1023 lists `indirect_steam` as a Scope 1 `process_typ	Scope is implied only by which table a row lands in. The Scope 1 create and bulk paths accept Scope 2 process types (documented as Scope 1 in the template and UI), and the aggregations never exclude them.	Reject `indirect_steam`, `cogen_allocation` and `cogen` in Scope 1 create, PUT and bulk, or redirect them to `scope2_emissions`. Remove them from the Scope 1 process list and template. Exclude any legacy rows with these process types from Scope 1 aggregates. ---
BUG-069	Low	Database	Agent J (Database)	Deleting a user wipes approved_by/created_by on every record they approved or entered: Verified records lose their maker-checker evidence	`new/server/routes/auth.py:1090-1112` `delete_user` — `UPDATE <table> SET created_by/approved_by/updated_by = NULL WHERE ... = :uid` across emissions, scope2/3, facilities, custom factors, etc. `ActivityLog.user_id` also	Hard delete of users combined with nulling every FK to satisfy SQLite FK enforcement; the schema has no user soft-delete or denormalised approver name on records.	Replace hard delete with deactivation (`status='inactive'`), or keep the FKs and block deletion when the user owns approvals; if deletion is required, store approver name/email on the record at approval time.
BUG-070	Medium	API	Agent I (Backend/API/Security)	POST /api/emissions/reject/<id> has no status check: a superuser can flip an admin-Verified record to Rejected (removing it from all totals) and overwrite its approver	`new/server/routes/emissions.py:4511-4559` `reject_emission()` — unlike `approve_emission()` (l.4485 `if emission.status not in ["Pending","Draft","Pending Approval"]: 400`) and `reject_batch_emissions()` (filters on pen	Missing pending-status guard on the single-record reject.	Apply the same pending-status check as `approve_emission`; return 409/400 for already-decided records. ---
BUG-071	Medium	Dashboard	Agent B (Emissions Auditor)	Dashboard cache is not invalidated after a manual Scope 1 create or a bulk upload: new records are missing from the dashboard for up to 5 minutes (per worker)	- `new/server/app.py` L93-116. The `before_commit` hook sets `has_relevant_changes` only if an Emission/Scope2/... object is in `session.new | dirty | deleted` at commit time. `after_commit` clears `DASHBOARD_CACHE` only	Cache invalidation depends on detecting pending ORM objects in `before_commit`. This does not work when rows were flushed earlier or written with `bulk_save_objects`.	Call `clear_dashboard_cache()` explicitly in `add_emission` and at the end of `_process_file_thread`. Alternatively, track changes in an `after_flush` listener, or set `session.info["has_relevant_changes"]=True` at flush time, instead of inspecting `session.new` in `before_commit`.
BUG-072	Low	Dashboard	Agent D (Methane Auditor)	Pending-records banner ignores the GWP-20 toggle: it always shows GWP-100 tCO2e while every other dashboard figure switches to GWP-20	- `new/server/routes/dashboard.py` `get_batch_dashboard_data()` ~lines 290-320: `pending_stats.totalCo2e = sum(Emission.co2e_total) + sum(Scope2Emission.co2e)` for status Pending. `gwp_horizon` is read and is part of the	The pending summary sums the stored GWP-100 `co2e_total` and never applies the horizon delta that `_query_summary` applies.	Include CH4/N2O sums in the pending query and apply the same `get_active_gwp` delta as `_query_summary` when `gwp_horizon=20`, or label the banner figure "GWP-100". ---
BUG-073	High	Emissions	Agent B (Emissions Auditor)	Scope 2 and Scope 3 create accept a missing or non-numeric year: one year-less Scope 2 record makes the main dashboard (summary/batch-all) return 500, and year-less Scope 3 is in the total but missing from by-year	- `new/server/routes/scope2.py` `create_scope2_emission()` (~L159-260) and `routes/scope3.py` `create_scope3_emission()` (~L70-125). They validate only `facility_id`. `year=data.get("year")` and `month=data.get("month")`	Scope 2 and Scope 3 create have no date validation, and the summary aggregation casts `row.year` without a guard.	Apply the Scope 1 year/month validation, ideally a shared helper, to the Scope 2 and Scope 3 create, update and bulk paths. Guard `int(row.year)` in the aggregations, skipping or bucketing NULL years as "Unknown" and surfacing them. ---
BUG-074	Low	Backend	Agent I (Backend/API/Security)	Approve/reject endpoints are not concurrency-safe: two simultaneous approvals of the same record both return 200 (duplicate audit entries; approve+reject race ends in an arbitrary final state)	`new/server/routes/emissions.py` `approve_emission()` (~l.4456) and `reject_emission()` — read `emission.status`, check it in Python, then assign and commit; no conditional `UPDATE … WHERE status IN (pending)`, no row lo	Check-then-act without atomic conditional update (the batch endpoints use `query.filter(status.in_(pending)).update(...)`, which is atomic; the single-record endpoints do not).	Use `UPDATE … SET status='Verified' WHERE id=:id AND status IN (…)` and check `rowcount == 1` (or optimistic version column), returning 409 otherwise. ---
BUG-075	Medium	Methane	Agent D (Methane Auditor)	Sentinel-5P "Export to OGMP" stores a 1-hour CH4 mass as the survey's "estimated annual tCH4" (default operating_hours = 1): top-down understated 8,760× and reconciliation always flagged	- `new/server/routes/satellite.py` `export_satellite_to_ogmp()` ~lines 258-270: `operating_hours = 8760.0 if is_continuous else 1.0`, then `estimated_annual_tch4 = measured_rate_kg_hr * operating_hours / 1000`. The value	There is a 1-hour default duration in the export path, and the UI never provides a duration. Top-down averaging (`func.avg(estimated_annual_tch4)` in `/ogmp-metrics`, `/intensity-stats` and the OGMP export) then mixes 1-hour masses with 8,760-hour annualised manual surveys.	Annualise consistently (8,760 h or facility operating hours), or make duration a required, explicit input in the UI. Store the observed rate separately from any annualised figure, and do not average surveys that were annualised on different bases. ---
BUG-076	Low	Security	Agent I (Backend/API/Security)	Bulk-upload job status and error CSV have no owner check: any logged-in account (incl. it_admin) can read another user's job rows; absolute server temp path is disclosed	`new/server/routes/emissions.py:2953-2975` `upload_status()` / `upload_errors()` — `@login_required` only; `background_processor.upload_jobs[job_id]` does not store the uploader's user id, so ownership cannot be checked.	Job records lack an owner field; endpoints don't authorize.	Store `user_id` in the job dict; return 404 unless `session user == owner` (or admin); drop `error_csv_path` from the response. ---
BUG-077	Critical	Dashboard	Agent F (Dashboard reconciliation auditor)	Dashboard "Export Executive Brief (PDF)" in the default All-Years view reports every year and every Pending record as "FISCAL YEAR 2026" / "Total verified records": PDF total 8.41 T tCO2e vs 3.72 T on the dashboard	- `new/client/src/pages/DashboardEnhanced.jsx` `handleExportPDF` (~L855): `year: currentYear !== "all" ? currentYear : undefined`. - `new/client/src/utils/ModernReportGenerator.js` `generateModernPDF`: - `selectedYear = 	The dashboard sends `undefined` instead of "all", and the generator defaults a missing year to the current year for labels only, not for data. The generator never filters by approval status and trusts `/api/emissions`, which is a data-management listing and not an inventory query. The generator also re-derives CO2e client-side.	Pass "all" explicitly and label it correctly, or require a single year for the brief. Request only `status=Verified` (add a status filter to `/api/emissions` or use the dashboard aggregate endpoints). Use the stored `co2e_total` so the PDF reconciles with the dashboard. Count Verified rows only in the "verified records" footer. ---
BUG-078	High	Dashboard	Agent F (Dashboard reconciliation auditor)	Executive Brief / Master PDF prints hard-coded performance claims ("15.9 % reduction… on track for -30 %", "65.9 % methane reduction", "Lowest annual flaring on record (-38.0 %)", "VISR camera verified" DRE) regardless of the data	`new/client/src/utils/ModernReportGenerator.js`: - L675-680 `execHighlights`: fixed strings "15.9% reduction achieved relative to 2021-2023 baseline average; on track for -30% by 2030.", "65.9% reduction from baseline fo	Demo or marketing copy, and sample figures from one reference dataset, were left in the report template as literals and fallbacks instead of being computed.	Compute each milestone (base-year average, YoY, CH4 change, flaring vs baseline) from the fetched data, or drop the sentences. Show "n/a" instead of numeric fallbacks. Derive DRE wording from `dre_method`.
BUG-079	Medium	Methane	Agent D (Methane Auditor)	OGMP reconciliation in the default "All years" view compares the AVERAGE of annual top-down surveys with the SUM of multi-year bottom-up CH4, so perfectly reconciled facilities are flagged (−80 %)	- `new/server/routes/dashboard.py` `get_ogmp_metrics()` ~1146-1172: `func.avg(OgmpSurvey.estimated_annual_tch4)` against `func.sum(Emission.ch4_emissions)`. When `year` is "all", neither side is year-filtered. - `_query_	Aggregation mismatch. The mean of annual surveys is an annual rate, while the unfiltered sum is a multi-year total. Averaging is meant for multiple surveys within one facility-year (Decision D-02), but it is applied across years.	Average surveys per (facility, year), then sum across years, or reconcile per year and report the multi-year view as per-year statuses. Never pair an average with an unfiltered sum. ---
BUG-080	Low	Methane	Agent D (Methane Auditor)	Two contradictory OGMP facility-level algorithms: /intensity-stats reports Level 5 (Gold Standard) where the canonical service (/ogmp-metrics, OGMP export) reports Level 4 for the same facility and year	- `new/server/routes/dashboard.py` `_query_intensity_stats()` ~2150-2161: its own level logic. - Level 5 if top-down exists and |variance| ≤ threshold. There is no requirement that the bottom-up inventory is Level 4. - O	The OGMP level logic is duplicated in `_query_intensity_stats` instead of calling `services.ogmp.compute_facility_ogmp_level` / `ogmp_level_for`.	Use the canonical service in `_query_intensity_stats`, and fix the service itself as described in BUG-031. ---
BUG-081	High	Emissions	Agent B (Emissions Auditor)	Scope 2/3 bulk import duplicate key is too coarse: separate meters and sub-categories in the same facility-month are rejected as "duplicates", or with Overwrite they replace a different existing record	`new/server/background_processor.py`: - `_process_file_thread` L374-403 pre-loads existing keys. Scope 2: `(facility_id, year, month, source_type)`. Scope 3: `(facility_id, year, month, category)`. Every status is includ	The dedup key identifies a Scope 2/3 record by facility, month and category/source type only. Real inventories have many lines per category per month: purchased goods by commodity, business travel by mode, multiple meters and suppliers. Scope 1 by contrast includes fuel and equipment_id in its key.	Include sub_category, meter/grid_region, NAICS code (and ideally unit and an optional external row id) in the key. Exclude Rejected and Draft rows from the pre-loaded duplicate set, or handle them explicitly. Never overwrite a record whose descriptive fields differ. ---
BUG-082	Low	UI	Agent K (Frontend/UI)	Scope 1 "Live Equation Inspector" states "GWP Standard: IPCC AR6 (CH₄:28, N₂O:265)" — hard-coded, AR5 values mislabelled as AR6, ignores the org GWP setting	`new/client/src/components/Scope1Form.jsx` ≈line 2598 (static string inside the Live Equation Inspector).	Hard-coded label text; not bound to `/auth/settings.gwp_standard` or `constants.js` GWP tables.	Render the active standard and its values from settings/`constants.js`. ---
BUG-083	High	API	Agent I (Backend/API/Security)	Activity-data write endpoints accept "NaN" / "1e999" (±Infinity): a Scope 3 record with activity_data=Infinity makes /dashboard/batch-all, /scope3/summary and /api/scope3 emit invalid JSON ("Infinity")	Numeric fields are parsed with bare `float(...)` and only range-checked with `< 0` (which NaN/inf pass) or not at all: - `routes/scope3.py:96` `activity_data = float(data.get("activity_data") or data.get("amount", 0))`, 	No `math.isfinite` validation on numeric inputs; Flask's JSON provider serialises inf as `Infinity`.	Central numeric parser rejecting non-finite / out-of-range values with 400 in all write paths (manual, PUT, JSON bulk, file bulk). ---
BUG-084	Medium	Dashboard	Agent F (Dashboard reconciliation auditor)	QA/QC Dashboard shows "Zero Anomalies Detected… The inventory is fully verified and audit-compliant" with 149 Pending records and 11 records more than 10^6 × the median; the anomaly queue only lists a stored `qa_flag`, which is never computed for existing data	- `new/server/routes/qaqc.py` `get_qaqc_dashboard()` (~L63-160, L346-375): the flagged and anomaly counts are `qa_flag IS NOT NULL` only. No statistical check runs over the stored inventory. - `new/client/src/pages/QADas	The QA page reflects only `qa_flag` values written by the bulk-import anomaly detector. Manual entries are never flagged (BUG-007), and nothing re-scans stored data. The empty-state copy asserts verification status without checking record status.	Run the anomaly detector (z-score or ratio to median, per process type and unit) over stored records when building the QA dashboard, or on a schedule. Base the "verified" wording on the actual count of non-Verified records. ---
BUG-085	High	Emissions	Agent B (Emissions Auditor)	Scope 2/3 bulk import silently books rows with a blank or non-ISO date to January 2024, and stores a blank Scope 3 category as "Category "	`new/server/background_processor.py`: - `_process_row_scope2` ~L884-895, `_process_row_scope3` ~L1195-1206 and `_process_row_scope3_eeio` ~L1097-1110: `year = int(row.get("year") or 2024)`, `month = int(row.get("month") 	Hard-coded fallback year and month, a swallowed parse exception, and no category validation in the Scope 2/3 row processors.	Remove the 2024/1 defaults. Parse the accepted date formats explicitly (YYYY-MM, YYYY-MM-DD, MM/YYYY), otherwise return a row error. Validate year and month ranges. Require a category that maps to Category 1-15, rejecting blank or unknown values. ---
BUG-086	Low	Methane	Agent D (Methane Auditor)	Methane loss-rate segment classification differs between the KPI cards, the trend chart and the server: "Downstream / Processing" counts as Midstream in the trend, and "Upstream / Extraction" is dropped from the Upstream KPI	- `new/client/src/pages/MethaneIntensity.jsx` `loadStats` (~213-229): exact match. `seg === "midstream"` counts as Midstream and `seg === "upstream"` as Upstream; everything else is excluded. - Same file, `trendChartData	Three independent, inconsistent segment-to-category mappings. There is no canonical segment enum; the facility data uses free-text composites.	Add one server-side canonical segment classifier (and return `segment_category` in the API), then use it in all three places. Validate the facility segment against an enum. ---
BUG-087	Low	API	Agent I (Backend/API/Security)	Malformed input on create endpoints returns HTTP 500/409 with raw exception and SQL text (≈40 handlers return `str(e)`)	Handlers that catch `Exception` and return `jsonify({"error": ... str(e)})` — 41 occurrences, e.g. `routes/emissions.py:962,3187`, `routes/scope2.py:156,287,475,666`, `routes/scope3.py:155,299,473`, `routes/data.py:343,5	No schema validation of request types; broad `except Exception` handlers echo the exception.	Validate types/required fields up front (400); log exceptions server-side and return a generic message with request id. ---
BUG-088	Low	Methane	Agent D (Methane Auditor)	Facilities with CH4 emissions but no gas production get methane_loss_rate_pct = 0 and ogmp_target_status "Compliant"	`new/server/routes/dashboard.py` `_query_intensity_stats` (~2014-2018, 2214-2220) and `_query_intensity_trend_bulk` (~1584-1585, 1626-1634): `methane_loss_rate_pct = ... if gas_m3 > 0 else 0.0`, then `"Compliant" if meth	A zero denominator is coerced to a 0 % rate, which then passes the ≤ target test.	Return `null` and a "Missing Production Data" status when gas = 0 and CH4 > 0. ---
BUG-089	Medium	Emissions	Agent B (Emissions Auditor)	Scope 3 category is stored as "6" by the UI/API and as "Category 6" by bulk import: cross-channel duplicates are not detected (double counting) and category breakdowns split	- `new/client/src/components/Scope3Form.jsx:304` sends `category: parseInt(category)`. - `new/server/routes/scope3.py` `create_scope3_emission()` stores `data.get("category", "Category 11")` as-is, so the result is `"6"`	There is no canonical category representation. The API accepts any string or integer, and only the bulk path normalises it.	Normalise the category to a single canonical form (e.g. integer 1-15 or "Category N") in every create, update and bulk path. Reject values outside 1-15. Migrate existing rows.
BUG-090	High	UI	Agent K (Frontend/UI)	Dehydrator form sends "Contactor Pressure" as `dehy_pressure`, but the server reads `dehy_press`: user pressure silently ignored, 800 psig default always used (AGR "routed to flare"/"flash gas recycled" checkboxes also unread)	- `new/client/src/components/scope1/DehydratorForm.jsx` — `onChange("dehy_pressure", …)` (Contactor Pressure (psig) input). - `new/server/calculations/dispatcher.py` dehydrator branch reads `flat_inputs.get("dehy_press")	Field-name mismatch between the form (`dehy_pressure`) and the dispatcher (`dehy_press`/`contactor_pressure`); AGR checkbox keys have no server counterpart. No warning is shown for an ignored required input.	Rename the form key to `dehy_press` (or accept `dehy_pressure` server-side); map the AGR checkboxes to `agr_control_type` / flash handling or remove them; reject/flag unknown calc_inputs keys. ---
BUG-091	Medium	UI	Agent K (Frontend/UI)	Dehydrator throughput entered under the label "MMscf/yr" is saved with unit "MMscf/day" (record activity unit 365× off)	`new/client/src/components/Scope1Form.jsx` ≈line 1068-1072: `finalUnit = formData.dehy_unit || formData.unit || "MMscf/day"`; `DehydratorForm.jsx` labels the input "Gas Throughput (MMscf/yr)" and has no unit selector (so	Hard-coded fallback unit contradicts the form label.	Use "MMscf/yr" (matching the label) or add an explicit unit selector.
BUG-092	Medium	UI	Agent L (Browser)	Maker-checker outcome is invisible to the maker: reject/approve send no notification, the Scope 1 list shows Rejected/Pending rows exactly like Verified ones, and the reject dialog claims the record is "permanently deleted" although it is kept as Rejected	- `new/client/src/pages/ManageData.jsx` reject modal (text "Rejecting will permanently delete the staged record from the pending queue") - `new/server/routes/emissions.py` `reject_emission` (~L4515-4560: sets `status="Re	The review workflow notifies only in one direction (maker → checkers). The list UI ignores the `status` field except for Draft, and the modal copy predates the change to soft rejection.	Create a Notification for `created_by` on approve/reject including the reason. Add a status badge column (Verified / Pending / Rejected / Draft) to the scope lists. Change the dialog text to "The record will be marked Rejected and excluded from totals". ---
BUG-093	Medium	Security	Agent I (Backend/API/Security)	Region-restricted superuser can re-region its own facility (PUT /api/facilities/<id>), pushing the facility and all its emissions into another region's scope and out of its own	`new/server/routes/facilities.py:220-350` `update_facility()` — checks that the facility is currently in the caller's allowed set, then assigns `facility.region` / `location` / `name` from the payload with no check that 	Missing target-region validation in `update_facility`. Region membership (`get_allowed_facility_ids`) is derived from the editable `region` / `location` / `name` columns.	For non-unrestricted superusers, reject updates whose new `region` / `location` / `name` would move the facility outside `user.location` (reuse the create-path check); log old and new values. ---
BUG-094	High	Dashboard	Agent F (Dashboard reconciliation auditor)	"Net Emissions" KPI subtracts company-wide mitigation whatever the Activity/Division filter (Steel & Iron view: Net = −1,027,393 t) and counts "Planned" projects as achieved reductions	- `new/server/routes/dashboard.py` `_query_mitigation(facility_id, year, allowed_fids, segment)`. It has no `activity`/`division` parameters (`get_batch_dashboard_data` does not pass them) and no status filter, so `Plann	The mitigation sub-query was not given the Activity or Division filters that the other sub-queries receive. The status of a project is ignored when netting.	Pass `activity` and `division` to `_query_mitigation` and filter through `Facility`. Exclude `Planned` (and any not-implemented) projects from netting, or show them separately. ---
BUG-095	Medium	UI	Agent K (Frontend/UI)	Scope 1 "Recent Activity": Export CSV exports only the 10 rows of the current page, and the Year/Process filter options are built from that page only	`new/client/src/components/Scope1Form.jsx` — Recent Activity toolbar (≈lines 2700-2790): Year options `[...new Set(entries.map(e => e.year))]`, Process options from `entries`, and `exportToCSV(entries.filter(...))`; `ent	Filter option lists and export are derived from the paginated `entries` state instead of server-side facets / a server export (`/api/emissions/export` exists).	Populate options from `/api/filters/available` (or a facets endpoint) and export through `/api/emissions/export` with the active filters. ---
BUG-096	Medium	UI	Agent K (Frontend/UI)	Scope 2 form: switching Source Type to Steam/Heat or CHP leaves the hidden unit at "kWh" — dropdown shows "Select..." but the request sends unit "kWh" (1000 "MMBtu" of steam booked as 3.41 MMBtu)	`new/client/src/components/Scope2Form.jsx` — `const [unit, setUnit] = useState("kWh")` (line ≈36); the Unit `CustomDropdown` swaps its options by `sourceType` (Btu/MMBtu/MJ for steam) but `unit` is never reset when `sour	Stale unit state from the electricity option set; no validation that `unit` belongs to the current option list.	Reset `unit` in the Source Type `onChange` (e.g. to "mmbtu" for steam) and block submit when `unit` is not one of the displayed options. ---
BUG-097	Medium	UI	Agent K (Frontend/UI)	CHP allocation form labels Power Output "MWh" but the server uses the number as MMBtu: heat share (and Scope 2 tCO2e) overstated ~2.7× with WRI efficiency method	- `new/client/src/components/Scope2Form.jsx` — "Power Output (MWh)" input → `calc_inputs.cogen_allocation.power_output`. - `new/server/routes/scope2.py` `_calc_cogen_allocation`: `power_output = float(data.get("power_out	Unit contract mismatch: the UI asks for MWh, the server variable is named `power_mmbtu` but is never converted (even the explicit `power_output_mwh` key is not converted).	Convert MWh → MMBtu (×3.412142) on the server (or send MMBtu from the client and relabel), and name the payload key with its unit. ---
BUG-098	Low	UI	Agent K (Frontend/UI)	Emission Calculation Result panel rounds gas masses to 3 decimals of a tonne: non-zero CH4/N2O shown as "0.00 tonnes"	`new/client/src/components/EmissionResult.jsx` local `formatNumber` (min 2 / max 3 fraction digits) used for CO2, CH4, N2O, CO and the confidence-interval tooltips.	Fixed tonne scale with 3-decimal maximum for all gases.	Use significant-figure formatting or switch to kg below 1 t. ---
BUG-099	High	API	Agent L (Browser)	Scope 2 electricity create trusts client-supplied `co2e` / `emission_factor`: 0 kWh can be booked as 12,345 tCO2e, negative Scope 2 (-500 t) is accepted, and any unknown grid region takes the client's factor	`new/server/routes/scope2.py` `POST /api/scope2` (~L176-203): `co2e = float(data.get("co2e", 0))`, `emission_factor = float(data.get("emission_factor", 0))`; the server recomputes only `if emission_factor > 0 and (electr	The endpoint was written to accept a client-calculated result and only overrides it when its own inputs are positive. There is no input validation for the direct `co2e` path, and `GRID_FACTORS` lookups that miss fall back to the client EF.	Ignore client `co2e`/`emission_factor` for electricity; require `electricity_kwh > 0` (or amount+unit) and a known grid region, or a separately validated market-based instrument (supplier factor with evidence field, 0 ≤ EF ≤ plausible max). Reject negative/non-finite values with 400.
BUG-100	High	Calculation / Methodology	API GHG Compendium Section 6 Auditor	Pneumatic controllers calculator cites obsolete 2009 Section 6.10, conflates hourly bleed with actuation volume, and lacks API 2021 Tables 6-14/6-15 and Eq 6-14 malfunction model	- `new/server/calculations/vented.py:2149` `PneumaticDeviceCalculator.__init__` cites "Section 6.10" (which in 2021 Compendium is Crude Oil Transport). In 2021 Compendium, Pneumatic Controllers are covered in §6.3.6 (Pro		
BUG-101	Medium	Physics / Calculation	API GHG Compendium Section 6 Auditor	Vessel and pipeline blowdown calculation depressurization formula includes residual atmospheric volume, overestimating vented volume by 1.0 physical vessel volume per event	- `new/server/calculations/vented.py:1928-1960` `BlowdownCalculator.calculate()`: `p_initial_psia = to_psia(pressure, press_unit)` (which adds 14.696 to psig) `p_factor = p_initial_psia / STD_PRESSURE_PSIA` `v_std_per_ev	When an operational vessel or pipeline is blown down to atmospheric pressure (P_atm = 14.696 psia), the residual gas remaining inside the physical volume after depressurization is V_physical at atmospheric pressure (1.0 atm). The vented volume released to the atmosphere is governed by Delta P = P_initial - P_final = P_gauge. By multiplying V_physical by P_psia / P_std = (P_gauge + 14.696) / 14.696 = (P_gauge / P_std)	
BUG-102	High	Calculation / Missing Methodology	API GHG Compendium Section 6 Auditor	Storage tank flashing emissions evaluate to zero when GOR is omitted, lacking API 2021 Table 6-22/6-24 default factors and engineering correlations (VBE, Standing, EUB)	- `new/server/calculations/vented.py:2044-2100` `TankFlashingCalculator.calculate()`: `total_gas_scf = float(throughput) * float(gas_oil_ratio or 0.0)` When `gas_oil_ratio` is not explicitly provided by the user, `total_	The calculator does not integrate API Compendium 2021 Section 6.3.9 Tier 1 flashing factors: - Table 6-22: Crude oil flashing loss emission factors (Small wells <= 10 bbl/day: 33.7 scf CH4/bbl; Large wells > 10 bbl/day: 41.5 scf CH4/bbl; Average: 38.3 scf CH4/bbl). - Table 6-24: Production condensate flashing loss factors (Small wells <= 10 bbl/day: 124.7 scf CH4/bbl; Large wells > 10 bbl/day: 205.9 scf CH4/bbl). Nor	
BUG-103	Medium	Completeness / Regulatory	API GHG Compendium Section 6 Auditor	Completion flowback and mud degassing calculators omit offshore exploration and completion emission factors	- `new/server/calculations/vented.py:136-140` `MudDegassingCalculator.TABLE_6_2_ONSHORE` omits the API Table 6-2 offshore drilling emission factor of 0.0034 tonnes CH4 / drilling day. - `new/server/calculations/vented.py		
BUG-104	Critical	Completeness / Missing Modules	API GHG Compendium Section 6 Auditor	Complete absence of API Compendium 2021 Section 6 venting calculators across upstream, midstream, downstream, and CCUS segments	`new/server/calculations/`, `new/server/emission_factors_api2021.py`, `new/client/src/components/scope1/`		
BUG-105	Medium	UI	Agent K (Frontend/UI)	Manage Data and Reference Data swallow API load errors and show them as empty data ("No production record found", empty factor catalog)	- `new/client/src/pages/ManageData.jsx` ≈lines 740-820: `fetchFacilities`, `fetchCustomFactors`, `fetchProduction`, `fetchSources`, `fetchMitigations`, `fetchCbamExports`, `fetchOgmpSurveys`, `fetchGoals`, `fetchBaseYear	Errors logged to console only; `Promise.all` couples independent loads.	Surface a toast/error panel with retry per section; use `Promise.allSettled` in ReferenceData. ---
BUG-106	Medium	Security	Agent K (Frontend/UI)	User Management actions are missing from the Audit Trail: account creation and logout logs are never committed, and user deletion is not logged at all	`new/server/routes/auth.py`: - `register()` (also used by `POST /api/auth/users`, the User Management "Create user" button): `db.session.commit()` at ≈L297 happens **before** `log_activity_and_notify(action="REGISTER", …	Log helper called after the only commit (register, logout); missing call (delete_user).	Call the logger before the commit (or commit again afterwards) in register/logout, and log DELETE in delete_user with the deleted user's identity.
BUG-107	Medium	UI	Agent K (Frontend/UI)	CustomDropdown is not keyboard-operable and form inputs have no programmatic labels: Region, Process Type, Emission Factor and Unit cannot be set without a mouse	- `new/client/src/components/CustomDropdown.jsx` — trigger is `<div className="dropdown-selected" onClick={handleToggle}>` (≈L114): no `tabIndex`, `role`, `aria-haspopup/expanded`, or key handlers; options are clickable 	Custom div-based listbox without focus management/ARIA; labels not associated with controls.	Make the trigger a `<button aria-haspopup="listbox" aria-expanded>`, options `role="option"` with arrow-key navigation, and associate labels via `htmlFor`/`id` (or `aria-labelledby`). ---
BUG-108	Low	UI	Agent K (Frontend/UI)	Scope 1 entry form does not reflow at phone width (390 px): Field input, Tier selector and factor picker are clipped off-screen	`new/client/src/components/Scope1Form.jsx` / `Scope1Form.css` — identity grid keeps 4 columns (Activity / Division / Region / Field) and the process section keeps 2 columns at 390 px; the card clips overflow.	Fixed multi-column grid without a small-screen breakpoint.	Add a `@media (max-width: 600px)` rule collapsing `.form-grid-*`/identity grid to one column and wrapping the tier selector. ---
BUG-109	Medium	UI	Agent L (Browser)	Scope 1 form saves an entry with no Unit selected: the client silently assumes m³ (10 → 2,641.72 gal stored) while the server calculates from the raw 10 in calc_inputs, so the stored activity and its emissions disagree 264×	- `new/client/src/components/Scope1Form.jsx` `handleAddEntry` (~L820-850): `let finalUnit = formData.unit || "m3";` then the Tier 1 `baseUnit` auto-conversion rewrites `quantity/amount/unit` (10 "m3" → 2641.72 gal). The 	A hidden default unit ("m3") on the client instead of a required-field check. The client sends two different representations of the activity (converted top-level vs raw calc_inputs), and the server calculates from one and persists the other without checking they agree.	Require a unit in `handleAddEntry` (no "m3" fallback). Send one activity representation. On the server, reject a request whose top-level quantity/unit and calc_inputs amount/unit disagree, or persist exactly the values used in the calculation.
BUG-110	High	Emissions	Agent L (Browser)	Onshore fugitives "Tier 1: Facility-Level" form: the on-screen preview says 16,644 tCO2e but the saved record is 1.456 tCO2e — the server ignores the selected facility type and duration and books the facility count as a count of valves	- Client: `new/client/src/components/scope1/FugitivesForm.jsx` (Tier 1 facility-level inputs L650-715; "REAL-TIME CLIENT-SIDE ESTIMATION ENGINE" L317+, banner "ESTIMATED EMISSIONS PREVIEW (REAL-TIME API CALCULATION)" L12	The facility-level Tier 1 method exists only in the client preview. The server's legacy fugitive branch has no facility-level method and silently falls back to "average component = valves × count". The client preview uses placeholder defaults that are not in the submitted state.	Implement the facility-level (Table 7-1/7-2) method on the server using `facility_type`, `facility_count` and duration, or post the preview inputs to a server preview endpoint so both use one implementation. Reject fugitive requests whose method/fields the server does not understand instead of defaulting to valves. Initialise `formData` with the displayed defaults.
BUG-111	Medium	Emissions	Agent L (Browser)	Scope 1 bulk import books a row with a blank Unit as m³ and accepts year 1800, both of which the manual form/API reject	- `new/server/background_processor.py:1698` — `unit = str(row.get("unit") or "m3").strip()` - `new/server/background_processor.py` Scope 1 row path — no year range check, while `routes/emissions.py:3005-3006` rejects `yr	The bulk processor substitutes a default for a missing unit instead of rejecting the row, and it does not share the manual route's year validation.	Treat a blank unit as a row error (no default). Apply the same year (1900-2100, or reporting-period) and month validation in `background_processor` as in `POST /api/emissions/`.
BUG-112	Medium	API	Agent L (Browser)	Custom emission factor with every factor field blank is saved (CO2/CH4/N2O = 0) and Tier 2 records that use it are stored with 0 tCO2e and no warning	- `POST /api/custom-factors` (route in `new/server/routes/` custom-factor handler): only rejects negative values (`co2_factor must be a non-negative number`); blank strings are coerced to 0.0 and there is no "at least on	Validation treats blank as zero and zero as valid for all gases simultaneously.	Require at least one factor > 0 (and non-empty numeric input for each provided gas); reject blank-only factors with 400; surface the server's validation message in the toast. ---
BUG-113	Low	UI	Agent L (Browser)	Reports "PDF Report" prints every unit and gas name with a missing-glyph box: "tCO■e", "CO■", "CH■", "N■O"	`new/server/routes/reports.py` (`GET /api/reports/export`, reportlab; e.g. L141-142 `f"{scope1_total:,.2f} tCO₂e"`) — Unicode subscript digits (U+2082 ₂, U+2084 ₄) are drawn with the built-in Helvetica font, which has no	reportlab standard Type 1 fonts only cover Latin-1; subscript characters need an embedded TTF (e.g. DejaVuSans) or `<sub>` markup in Paragraphs.	Register and use a Unicode TTF font in the PDF styles, or render subscripts with `<sub>2</sub>` / ASCII "CO2e". ---
BUG-114	Medium	Security	Agent L (Browser)	Logout does not invalidate the session: a session cookie captured before logout keeps full API access (client-side signed cookie, no server-side revocation)	- `new/server/routes/auth.py` login (L355 `session["user_id"] = user.id`) and logout (~L485-512: `session.clear()` + expire cookie). Flask's default session is a signed client-side cookie; there is no server-side session	Stateless signed-cookie sessions without a revocation list or server-side session id; logout cannot invalidate copies of the cookie.	Use a server-side session store (Flask-Session with Redis/DB) or add a per-user `session_version`/random session id stored server-side that is checked on every request and rotated on logout, password change and deactivation.
BUG-115	Low	UI	Agent L (Browser)	Manage Data forms discard the server's validation message and show a generic "Failed to …" toast (negative production, negative factor, facility 500, etc.)	`new/client/src/pages/ManageData.jsx` catch blocks that ignore `err.response.data.error`: L941 `Failed to add region`, L957 `Failed to save factor`, L971 `Failed to delete factor`, L1021 `Failed to save production`, L103	`catch (err) { toast.error('Failed to …') }` without reading `err.response?.data?.error`.	Use `err.response?.data?.error || 'Failed to …'` in every catch (a shared helper), as `Scope1Form.jsx` already does.
