BUG-001.py	1	4s
BUG-003.py	1	3s
BUG-004.py	1	4s
BUG-005.py	1	4s
BUG-007.py	1	4s
BUG-008.py	1	5s
BUG-009.py	1	4s
BUG-010.py	1	4s
BUG-011.py	1	4s
BUG-012.py	1	3s
BUG-013.py	1	4s
BUG-014.py	1	4s
BUG-015.py	1	7s
BUG-016.py	1	7s
BUG-017.py	1	3s
BUG-018.py	1	4s
BUG-019.py	1	4s
BUG-020.py	1	4s
BUG-023.py	1	4s
BUG-024.py	0	3s
BUG-025.py	1	4s
BUG-026.py	1	3s
BUG-027.py	1	4s
BUG-028.py	1	4s
BUG-030.py	1	4s
BUG-031.py	1	3s
BUG-032.py	1	4s
BUG-033.py	1	4s
BUG-034.py	1	4s
BUG-035.py	1	4s
BUG-036.py	1	3s
BUG-037.py	1	4s
BUG-038.py	1	4s
BUG-039.py	1	4s
BUG-040.py	1	3s
BUG-041.py	1	4s
BUG-042.py	1	4s
BUG-043.py	1	3s
BUG-044.py	1	3s
BUG-046.py	1	4s
BUG-047.py	1	3s
BUG-048.py	1	4s
BUG-049.py	1	4s
BUG-050.py	1	4s
BUG-051.py	1	4s
BUG-052.py	1	4s
BUG-053.py	1	4s
BUG-054.py	1	3s
BUG-055.py	1	4s
BUG-056.py	1	5s
BUG-057.py	1	4s
BUG-058.py	1	4s
BUG-059.py	1	4s
BUG-060.py	1	4s
BUG-061.py	1	4s
BUG-062.py	1	4s
BUG-063.py	1	4s
BUG-064.py	1	4s
BUG-065.py	1	4s
BUG-066.py	1	3s
BUG-067.py	1	5s
BUG-068.py	1	3s
BUG-069.py	1	4s
BUG-070.py	1	4s
BUG-071.py	1	4s
BUG-072.py	1	4s
BUG-073.py	1	4s
BUG-074.py	1	5s
BUG-075.py	1	4s
BUG-076.py	1	4s
BUG-077.py	1	3s
BUG-078.py	1	1s
BUG-079.py	1	3s
BUG-080.py	1	4s
BUG-081.py	1	5s
BUG-083.py	1	4s
BUG-084.py	1	4s
BUG-085.py	1	4s
BUG-086.py	1	5s
BUG-087.py	1	5s
BUG-088.py	1	5s
BUG-089.py	1	5s
BUG-090.py	1	4s
BUG-093.py	1	4s
BUG-094.py	1	5s
BUG-106.py	1	4s
BUG-113.py	1	5s
DONE
