"Date","Activity","Division","Field","Group","Equipment ID","Process","Fuel/Activity","Factor Type","Quantity","Unit","CO2 (t)","CH4 (t)","N2O (t)","Total (tCO2e)","Status"
"2026-09","Steel & Iron (Acier DRI)","Metallurgy","Industrial Zone","","","dehydrator","","Specific","1000","MMscf/day","0","1.3060975078481298","0","36.57073021974764","Verified"
"2026-09","Steel & Iron (Acier DRI)","Metallurgy","Industrial Zone","","","dehydrator","","Specific","1000","MMscf/day","0","1.3060975078481298","0","36.57073021974764","Verified"
"2026-09","Steel & Iron (Acier DRI)","Metallurgy","Industrial Zone","","","dehydrator","","Specific","1000","MMscf/day","0","1.3060975078481298","0","36.57073021974764","Verified"
"2026-09","Steel & Iron (Acier DRI)","Metallurgy","Industrial Zone","","","combustion","","Specific","1000","m3","1.9110640762660163","0.000036017038753600004","0.0000036017038753600004","1.9130270048780873","Verified"
"2026-09","Steel & Iron (Acier DRI)","Metallurgy","Industrial Zone","","","combustion","","Specific","1000","m3","1.9110644607600002","0.000036017046000000003","0.0000036017046000000008","1.9130273897670003","Verified"
"2026-09","Steel & Iron (Acier DRI)","Metallurgy","Industrial Zone","","","combustion","","Specific","1000","m3","1.9","0.001","0.0001","1.9545","Verified"
"2026-09","Steel & Iron (Acier DRI)","Metallurgy","Industrial Zone","","","agr","","Specific","1","MMscf","67487737.30614178","462442.60518711794","0","80436130.25138108","Verified"
"2025-06","Upstream","Berkine Basin","","","","mobile_combustion","diesel","Specific","1860.6","liter","4986.4","58.54","0.01","5000.09","Verified"
"2025-06","Upstream","Berkine Basin","","","","venting","natural_gas","Specific","","m3","1332.9","475.13","0","13329.14","Verified"
"2025-06","Upstream","Berkine Basin","","","","fugitive_equipment_leaks","natural_gas","Specific","","m3","547.8","195.63","0","5477.63","Verified"